label,metaGroupId,groupId,goodPeakCount,medMz,medRt,maxQuality,note,compound,compoundId,expectedRtDiff,ppmDiff,parent,20171030_activated_supe_a_neg,20171030_activated_supe_b_neg,20171030_blank_mid_a_neg,20171030_blank_mid_b_neg,20171030_blank_post_a_neg,20171030_blank_post_b_neg,20171030_blank_pre_a_neg,20171030_blank_pre_b_neg,20171030_blank_pre_c_neg,20171030_hsd1_supe_a_neg_,20171030_hsd1_supe_b_neg,20171030_hsd2_supe_a_neg_,20171030_hsd2_supe_b_neg,20171030_non_supe_a_neg,20171030_non_supe_b_neg,20171031_buffer_supe_a_neg,20171031_buffer_supe_b_neg
,0,1,5, 279.2325,5.153826,0.8415683,C12 PARENT,C18:2,C18:2,-1,1.530071,279.2325,1152.483,2040.326,1363.978,1755.748,728.3425,0,1523.625,696.1246,401.1701,814.6797,59088.73,44267.73,5170.982,1376.523,1794.841,3027.112,2990.479
,0,2,9, 281.2481,5.542129,0.84867,C12 PARENT,C18:1,C18:1,-1,1.73612,281.2481,20659.71,14066.1,1144.36,2794.673,3292.962,889.462,10256.88,2710.229,537.4095,2118.973,504013.8,261038.3,22422.74,26693.81,21284.39,45670.41,33372.99
,0,3,6, 885.5493,6.664594,0.8521177,C12 PARENT,PI(38:4),PI(38:4),-1,0.6892346,885.5492,14321.14,24279.95,0,0,0,0,0,0,0,0,166446.3,49269.32,7846.748,32149.87,38031.47,1856.589,2491.122
,0,4,6, 465.2986,5.323895,0.8503494,C12 PARENT,LPA(20:0),LPA(20:0),-1,0.1311741,465.2987,50718.17,56574.92,0,0,0,0,0,0,0,0,81920.05,36995.18,1012.378,68799.68,46367.67,2419.461,30495.76
