label,metaGroupId,groupId,goodPeakCount,medMz,medRt,maxQuality,note,compound,compoundId,expectedRtDiff,ppmDiff,parent,20171201_blank_mid_a_neg,20171201_blank_mid_b_neg,20171201_blank_pre_a_neg,20171201_blank_pre_b_neg,20171201_blank_pre_c_neg,20171201_buffer_pellet_a_neg,20171201_buffer_pellet_b_neg,20171201_non_pellet_a_neg,20171201_non_pellet_b_neg,20171201_activated_pellet_b_neg,20171201_activated_pellet_a_neg,20171201_hsd1_pellet_a_neg,20171201_hsd1_pellet_b_neg,20171201_hsd2_pellet_a_neg,20171201_hsd2_pellet_b_neg
,0,1,0, 915.5986,5.851184,0.2411073,C12 PARENT,PI(40:3),PI(40:3),-1,1.999848,915.5986,0,0,0,0,0,2639.688,4032.437,4017.771,10245.66,6374.498,2284.799,8572.497,8525.846,2391.394,4933.213
,0,2,7, 883.5341,6.146072,0.8498766,C12 PARENT,PI(38:5),PI(38:5),-1,0.1381614,883.5341,0,0,0,0,0,3570.027,0,21106.04,30230.96,12786.3,33239.1,40923.21,47106.46,16887.45,26978.73
,0,3,9, 885.5499,6.509515,0.8152103,C12 PARENT,PI(38:4),PI(38:4),-1,0.06892346,885.5499,0,0,0,0,0,16935.69,1005.272,225466.4,448536.7,224080.2,573801.2,727604.6,706513.2,280531.1,372595.4
,0,4,4, 857.5186,6.110823,0.8487175,C12 PARENT,PI(36:4),PI(36:4),-1,0.07117648,857.5187,0,0,0,0,0,0,0,2140.871,11399.85,1468.824,14771.92,16402.69,15662.87,5423.659,9436.978
,0,5,0, 767.4651,1.445091,0.3932654,C12 PARENT,PA(42:10),PA(42:10),-1,0.87481,767.4651,0,0,0,0,0,78903.94,36782.64,42514.6,96512.82,12618.81,54124.23,29034.31,26693.87,105335.1,25184.01
,0,6,2, 1447.965,9.636479,0.8454442,C12 PARENT,cardiolipin(72:8),cardiolipin(72:8),-1,0,1447.965,0,0,0,0,0,0,0,0,4954.646,1459.515,6712.919,4858.007,16610.57,1184.506,4978.012
,0,7,0, 1449.982,9.921865,0.4588525,C12 PARENT,cardiolipin(72:7),cardiolipin(72:7),-1,1.094438,1449.982,0,0,0,0,0,0,0,0,4590.556,1291.611,3325.072,6540.188,11675.46,1293.053,1266.49
