label,metaGroupId,groupId,goodPeakCount,medMz,medRt,maxQuality,note,compound,compoundId,expectedRtDiff,ppmDiff,parent,20171201_activated_supe_a_neg,20171201_activated_supe_b_neg,20171201_blank_mid_a_neg,20171201_blank_mid_b_neg,20171201_blank_post_a_neg,20171201_blank_post_b_neg,20171201_buffer_supe_a_neg,20171201_buffer_supe_b_neg,20171201_hsd1_supe_a_neg_,20171201_hsd1_supe_b_neg,20171201_hsd2_supe_a_neg_,20171201_hsd2_supe_b_neg,20171201_non_supe_a_neg,20171201_non_supe_b_neg
,0,1,10,885.5501,6.525746,0.8144228,C12 PARENT,PI(38:4),PI(38:4),-1,0.2756938,885.5501,92258.16,88819.57,0,0,0,0,70923.16,73495.02,252619.4,201737.8,167534.4,184107.2,92892.6,78455.59
,0,2,0,857.5187,6.11268,0.3375599,C12 PARENT,PI(36:4),PI(36:4),-1,0.2135295,857.5189,7781.129,9806.524,0,0,0,0,6075.51,5082.125,9223.387,9043.802,5764.09,5468.127,10974.43,7214.315
,0,1,4,281.2485,5.410058,0.848671,C12 PARENT,C18:1,C18:1,-1,0.3255225,281.2485,1049.912,0,0,0,0,0,1248.638,0,19850.64,22708.96,26979.28,17376.15,0,0
,0,2,8,283.2641,5.879129,0.8505227,C12 PARENT,C18:0,C18:0,-1,0.4309415,283.2641,8341.4,4419.876,984.9774,3294.841,1617.526,4099.105,2486.247,2972.932,48559.19,43099.23,32345.23,22493.46,4467.18,5615.354
,0,3,8,255.233,5.29336,0.842961,C12 PARENT,C16:0,C16:0,-1,0,255.233,5292.826,1928.865,1722.54,1612.391,738.9971,1418.62,2736.567,3661.925,28228.81,25368.44,15740.01,16936.84,5810.229,4510.232
