label,metaGroupId,groupId,goodPeakCount,medMz,medRt,maxQuality,note,compound,compoundId,expectedRtDiff,ppmDiff,parent,20180316_activated_supe_a_neg,20180316_activated_supe_b_neg,20180316_blank_mid_a_neg,20180316_blank_mid_b_neg,20180316_blank_post_a_neg,20180316_blank_post_b_neg,20180316_buffer_supe_a_neg,20180316_buffer_supe_b_neg,20180316_hsd1_supe_a_neg_,20180316_hsd1_supe_b_neg,20180316_hsd2_supe_a_neg_,20180316_hsd2_supe_b_neg,20180316_non_supe_a_neg,20180316_non_supe_b_neg
,0,1,10, 283.2643,5.907603,0.8465185,C12 PARENT,C18:0,C18:0,-1,0.1077354,283.2643,18996.63,6829.07,3460.226,1981.972,611.9509,898.731,9405.021,14007.9,61727.05,73845.95,96940.65,92080.29,11190.19,13425.67
,0,2,10, 255.233,5.349088,0.8113818,C12 PARENT,C16:0,C16:0,-1,0.1195675,255.233,24241.19,21730.21,6554.141,5672.449,5785.607,5872.119,13652.55,15057.72,59068.61,71733.88,72741.73,66361.45,20898.29,12616.47
,0,3,6, 885.5532,6.547862,0.8502597,C12 PARENT,PI(38:4),PI(38:4),-1,3.79079,885.5532,9225.271,2905.179,0,0,0,0,826.0711,2102.176,96771.81,77851.65,156366.2,183162.1,99187.27,31459.82
